Dimension,VALUE
Total,169936.21484748722
by relationship to perpetrator,150179.82719157156
by mechanisms,122956.08740055894
by situational context,30551.644611750024
